id;email_id;name;roll_no;joining_date
1;Bedfordshire copy Auto;"r?3";frame compressing;2023-05-07T06:26:53
2;Analyst;"Oc0F?";Forward connect;2023-05-06T20:59:10
3;Avon sensor Administrator;" lS";Intranet virtual;2023-05-06T23:49:08
4;multi-byte eco-centric;"mUB";circuit;2023-05-07T11:32:32
5;generate Refined;"2Aha7";Uganda quantify;2023-05-07T13:28:01
6;virtual transmit;"XEcS0";Pound Sports program;2023-05-07T00:18:27
7;matrix Automotive;"ImIOnd";Key Streets group;2023-05-07T02:28:45
8;indexing;"G";Frozen;2023-05-07T05:51:50
9;services Course;"Qd2Wq";Account;2023-05-07T17:13:35
10;Regional;"QnSu";PNG Virgin Buckinghamshire;2023-05-06T21:15:07
